2026-02-28T12:15:58.1860699+01:00,caldav,create,2159,404,false,run_1
2026-02-28T12:15:58.1972183+01:00,caldav,list,4,404,false,run_1
2026-02-28T12:15:58.2038264+01:00,caldav,create,1,404,false,run_2
2026-02-28T12:15:58.2084302+01:00,caldav,list,1,404,false,run_2
2026-02-28T12:15:58.2171553+01:00,caldav,create,3,404,false,run_3
2026-02-28T12:15:58.2216456+01:00,caldav,list,1,404,false,run_3
2026-02-28T12:15:58.2263285+01:00,caldav,create,1,404,false,run_4
2026-02-28T12:15:58.2304293+01:00,caldav,list,1,404,false,run_4
2026-02-28T12:15:58.2351601+01:00,caldav,create,1,404,false,run_5
2026-02-28T12:15:58.2413700+01:00,caldav,list,2,404,false,run_5
2026-02-28T12:15:58.2477868+01:00,caldav,create,1,404,false,run_6
2026-02-28T12:15:58.2533351+01:00,caldav,list,1,404,false,run_6
2026-02-28T12:15:58.2572370+01:00,caldav,create,1,404,false,run_7
2026-02-28T12:15:58.2606872+01:00,caldav,list,1,404,false,run_7
2026-02-28T12:15:58.2645540+01:00,caldav,create,1,404,false,run_8
2026-02-28T12:15:58.2678263+01:00,caldav,list,0,404,false,run_8
2026-02-28T12:15:58.2712726+01:00,caldav,create,1,404,false,run_9
2026-02-28T12:15:58.2750995+01:00,caldav,list,1,404,false,run_9
2026-02-28T12:15:58.2789324+01:00,caldav,create,1,404,false,run_10
2026-02-28T12:15:58.2825968+01:00,caldav,list,1,404,false,run_10
