2026-02-28T12:16:01.9496066+01:00,google,create,2200,404,false,run_1
2026-02-28T12:16:01.9589624+01:00,google,list,2,404,false,run_1
2026-02-28T12:16:01.9650578+01:00,google,create,2,404,false,run_2
2026-02-28T12:16:01.9696029+01:00,google,list,1,404,false,run_2
2026-02-28T12:16:01.9776346+01:00,google,create,2,404,false,run_3
2026-02-28T12:16:01.9836404+01:00,google,list,1,404,false,run_3
2026-02-28T12:16:01.9903881+01:00,google,create,2,404,false,run_4
2026-02-28T12:16:01.9949603+01:00,google,list,1,404,false,run_4
2026-02-28T12:16:01.9991056+01:00,google,create,1,404,false,run_5
2026-02-28T12:16:02.0044461+01:00,google,list,1,404,false,run_5
2026-02-28T12:16:02.0094521+01:00,google,create,1,404,false,run_6
2026-02-28T12:16:02.0151073+01:00,google,list,1,404,false,run_6
2026-02-28T12:16:02.0204893+01:00,google,create,1,404,false,run_7
2026-02-28T12:16:02.0253514+01:00,google,list,1,404,false,run_7
2026-02-28T12:16:02.0292391+01:00,google,create,1,404,false,run_8
2026-02-28T12:16:02.0336306+01:00,google,list,1,404,false,run_8
2026-02-28T12:16:02.0384534+01:00,google,create,1,404,false,run_9
2026-02-28T12:16:02.0424055+01:00,google,list,1,404,false,run_9
2026-02-28T12:16:02.0467413+01:00,google,create,1,404,false,run_10
2026-02-28T12:16:02.0509443+01:00,google,list,1,404,false,run_10
