2026-02-28T12:15:54.7592124+01:00,ics,create,2163,404,false,run_1
2026-02-28T12:15:54.7686771+01:00,ics,list,2,404,false,run_1
2026-02-28T12:15:54.7725008+01:00,ics,create,1,404,false,run_2
2026-02-28T12:15:54.7758299+01:00,ics,list,1,404,false,run_2
2026-02-28T12:15:54.7809387+01:00,ics,create,1,404,false,run_3
2026-02-28T12:15:54.7844011+01:00,ics,list,0,404,false,run_3
2026-02-28T12:15:54.7875595+01:00,ics,create,1,404,false,run_4
2026-02-28T12:15:54.7915073+01:00,ics,list,1,404,false,run_4
2026-02-28T12:15:54.7972938+01:00,ics,create,2,404,false,run_5
2026-02-28T12:15:54.8023283+01:00,ics,list,1,404,false,run_5
2026-02-28T12:15:54.8064163+01:00,ics,create,1,404,false,run_6
2026-02-28T12:15:54.8113959+01:00,ics,list,1,404,false,run_6
2026-02-28T12:15:54.8168726+01:00,ics,create,1,404,false,run_7
2026-02-28T12:15:54.8210944+01:00,ics,list,1,404,false,run_7
2026-02-28T12:15:54.8265858+01:00,ics,create,2,404,false,run_8
2026-02-28T12:15:54.8311660+01:00,ics,list,1,404,false,run_8
2026-02-28T12:15:54.8361369+01:00,ics,create,1,404,false,run_9
2026-02-28T12:15:54.8393055+01:00,ics,list,1,404,false,run_9
2026-02-28T12:15:54.8447739+01:00,ics,create,1,404,false,run_10
2026-02-28T12:15:54.8484976+01:00,ics,list,1,404,false,run_10
